{"id":"f943d56f-fab8-11ea-b1bc-0242ac1e0004","name":"Create Customer","key":"createCustomer","description":"","editorJson":{"name":"Create Customer","key":"createCustomer","version":0,"fields":[{"fieldType":"FormField","id":"cardId","name":"Card Id","type":"text","value":null,"required":true,"readOnly":false,"overrideId":true,"placeholder":null,"layout":null},{"fieldType":"FormField","id":"customerId","name":"Customer Id","type":"text","value":null,"required":true,"readOnly":false,"overrideId":true,"placeholder":null,"layout":null}],"outcomes":[]}}