{"id":"f94498c0-fab8-11ea-b1bc-0242ac1e0004","name":"Member Setup","key":"memberSetup","description":"","editorJson":{"name":"Member Setup","key":"memberSetup","version":0,"fields":[{"fieldType":"FormField","id":"firstName","name":"First Name","type":"text","value":null,"required":true,"readOnly":false,"overrideId":true,"placeholder":null,"layout":null},{"fieldType":"FormField","id":"lastName","name":"Last Name","type":"text","value":null,"required":true,"readOnly":false,"overrideId":true,"placeholder":null,"layout":null},{"fieldType":"OptionFormField","id":"membershipType","name":"Membership Type","type":"dropdown","value":"Flatrate","required":true,"readOnly":false,"overrideId":true,"placeholder":null,"layout":null,"optionType":null,"hasEmptyValue":true,"options":[{"id":null,"name":"Flatrate"},{"id":null,"name":"Prepaid"}],"optionsExpression":null},{"fieldType":"FormField","id":"numberOfVisits","name":"Number of Visits","type":"integer","value":null,"required":true,"readOnly":false,"overrideId":true,"placeholder":null,"layout":null}],"outcomes":[]}}