{"id":"APP_MODEL-f6907613-149a-4725-9eee-c8089e42ce86","name":"Digital Fitness Center","key":"digitalFitnessCenter","description":"","editorJson":{"models":[{"id":"PROCESS_MODEL-bbb7eccb-5ef3-43eb-b586-9622da1be188","name":"Scan Fitness Card","version":1,"modelType":0,"createdBy":"9d4fc435-7a33-46cb-88f2-145518d30063","lastUpdatedBy":"9d4fc435-7a33-46cb-88f2-145518d30063","lastUpdated":"2020-09-19T00:25:38.375+00:00","key":"scanFitnessCard","tenantId":"default"}],"cmmnModels":[{"id":"CASE_MODEL-e97fd6e2-4a2e-4857-84d0-a6f38edb1be7","name":"Customer","version":1,"modelType":5,"description":"","createdBy":"9d4fc435-7a33-46cb-88f2-145518d30063","lastUpdatedBy":"9d4fc435-7a33-46cb-88f2-145518d30063","lastUpdated":"2020-09-19T00:25:38.410+00:00","key":"customer","tenantId":"default"}],"theme":"theme-1","icon":"glyphicon-asterisk","name":"Digital Fitness Center","key":"digitalFitnessCenter","flowApp":false,"i18n":{}}}