{"id":"f9564c02-fab8-11ea-b1bc-0242ac1e0004","name":"Customer","key":"customer","description":"","editorJson":{"modelId":"f9564c02-fab8-11ea-b1bc-0242ac1e0004","bounds":{"lowerRight":{"x":1212,"y":1050},"upperLeft":{"x":0,"y":0}},"properties":{"case_id":"customer","name":"Customer","documentation":"","case_initiatorvariablename":"initiator","case_author":"","case_version":"","case_namespace":"http://flowable.org/cmmn","eventkey":"","eventname":"cardScanEvent","eventoutparameters":{"outParameters":[{"eventName":"cardId","eventType":"string","variableName":"cardId","$$hashKey":"uiGrid-001Z"},{"eventName":"customerId","eventType":"string","variableName":"customerId","$$hashKey":"uiGrid-0025"}]},"eventcorrelationparameters":{"correlationParameters":[{"name":"customerId","type":"string","value":"${customerId}","$$hashKey":"uiGrid-002V"}]},"channelkey":"fitnessCardInboundChannel","channelname":"Fitness Card Inbound Channel","channeltype":"kafka","channeldestination":"","keydetectionfixedvalue":"cardScanEvent","keydetectionjsonfield":"","keydetectionjsonpointer":"","process_id":"customer"},"childShapes":[{"resourceId":"onecaseplanmodel1","properties":{"overrideid":"","name":"Customer","documentation":"","formkeydefinition":"createCustomer","formreference":{"id":"f943d56f-fab8-11ea-b1bc-0242ac1e0004","name":"Create Customer","key":"createCustomer"},"formfieldvalidation":"false","autocompleteenabled":"","autocompletecondition":""},"stencil":{"id":"CasePlanModel"},"childShapes":[{"resourceId":"planItem9","properties":{"overrideid":"expandedStage1","name":"Active Member","documentation":"","autocompleteenabled":"","autocompletecondition":"","requiredenabled":"","requiredrulecondition":"","repetitionenabled":true,"repetitionrulecondition":"","repetitioncountervariablename":"","manualactivationenabled":"","manualactivationrulecondition":"","completionneutralenabled":"","completionneutralrulecondition":"","planitemlifecyclelisteners":{"planItemLifecycleListeners":[]},"displayorder":"","includeinstageoverview":true},"stencil":{"id":"Stage"},"childShapes":[{"resourceId":"planItem1","properties":{"overrideid":"processTask1","name":"Check Membership","documentation":"","isblocking":true,"isblockingexpression":"","processtaskprocessreference":"","fallbacktodefaulttenant":true,"processtaskinparameters":{"inParameters":[{"source":"gateId","target":"gateId"},{"source":"numberOfVisits","target":"numberOfVisits"},{"source":"membershipType","target":"membershipType"}]},"processtaskoutparameters":{"outParameters":[{"source":"numberOfVisits","target":"numberOfVisits"}]},"idvariablename":"","isasync":"","isexclusive":"","requiredenabled":"","requiredrulecondition":"","repetitionenabled":true,"repetitionrulecondition":"","repetitioncountervariablename":"","manualactivationenabled":"","manualactivationrulecondition":"","completionneutralenabled":"","completionneutralrulecondition":"","planitemlifecyclelisteners":{"planItemLifecycleListeners":[]}},"stencil":{"id":"ProcessTask"},"childShapes":[],"outgoing":[{"resourceId":"entryCriterion3"}],"bounds":{"lowerRight":{"x":309,"y":115},"upperLeft":{"x":209,"y":35}},"dockers":[]},{"resourceId":"entryCriterion3","properties":{"overrideid":"entryCriterion3","name":"","documentation":"","ifpartcondition":"","triggermode":""},"stencil":{"id":"EntryCriterion"},"childShapes":[],"outgoing":[],"bounds":{"lowerRight":{"x":216,"y":86},"upperLeft":{"x":202,"y":64}},"dockers":[{"x":0,"y":40}]},{"resourceId":"planItem2","properties":{"overrideid":"serviceTask1","name":"Charge Monthly Fee","documentation":"","servicetaskclass":"","servicetaskexpression":"","servicetaskdelegateexpression":"","servicetaskfields":{"fields":[]},"servicetaskresultvariable":"","isasync":"","isexclusive":"","requiredenabled":"","requiredrulecondition":"","repetitionenabled":true,"repetitionrulecondition":"","repetitioncountervariablename":"","manualactivationenabled":"","manualactivationrulecondition":"","completionneutralenabled":"","completionneutralrulecondition":"","planitemlifecyclelisteners":{"planItemLifecycleListeners":[]},"isblocking":true},"stencil":{"id":"ServiceTask"},"childShapes":[],"outgoing":[{"resourceId":"entryCriterion6"}],"bounds":{"lowerRight":{"x":747,"y":114},"upperLeft":{"x":647,"y":34}},"dockers":[]},{"resourceId":"entryCriterion6","properties":{"overrideid":"entryCriterion6","name":"","documentation":"","ifpartcondition":"","triggermode":""},"stencil":{"id":"EntryCriterion"},"childShapes":[],"outgoing":[],"bounds":{"lowerRight":{"x":654,"y":85},"upperLeft":{"x":640,"y":63}},"dockers":[{"x":0,"y":40}]},{"resourceId":"planItem3","properties":{"overrideid":"humanTask1","name":"Switch Membership Type","documentation":"","isblocking":true,"isblockingexpression":"","usertaskassignment":{"assignment":{"type":"static","assignee":"${initiator}"}},"formkeydefinition":"","formreference":{"id":"f94498c0-fab8-11ea-b1bc-0242ac1e0004","name":"Member Setup","key":"memberSetup"},"formfieldvalidation":true,"duedatedefinition":"","prioritydefinition":"","tasklisteners":{"taskListeners":[]},"isasync":"","isexclusive":"","requiredenabled":"","requiredrulecondition":"","repetitionenabled":true,"repetitionrulecondition":"","repetitioncountervariablename":"","manualactivationenabled":true,"manualactivationrulecondition":"","completionneutralenabled":"","completionneutralrulecondition":"","planitemlifecyclelisteners":{"planItemLifecycleListeners":[]}},"stencil":{"id":"HumanTask"},"childShapes":[],"outgoing":[],"bounds":{"lowerRight":{"x":477,"y":114},"upperLeft":{"x":377,"y":34}},"dockers":[]},{"resourceId":"planItem4","properties":{"overrideid":"sendEventTask2","name":"Send offers","documentation":"","servicetaskclass":"","isasync":"","isexclusive":"","requiredenabled":"","requiredrulecondition":"","repetitionenabled":true,"repetitionrulecondition":"","repetitioncountervariablename":"","manualactivationenabled":"","manualactivationrulecondition":"","completionneutralenabled":"","completionneutralrulecondition":"","eventkey":"emailOffers","eventname":"","eventinparameters":{"inParameters":[{"variableName":"${customerId}","eventName":"customerId","eventType":"null"}]},"channelkey":"","channelname":"","channeltype":"","channeldestination":"","planitemlifecyclelisteners":{"planItemLifecycleListeners":[]},"isblocking":true},"stencil":{"id":"SendEventTask"},"childShapes":[],"outgoing":[{"resourceId":"entryCriterion2"}],"bounds":{"lowerRight":{"x":747,"y":237.062625},"upperLeft":{"x":647,"y":157.18787499999996}},"dockers":[]},{"resourceId":"entryCriterion2","properties":{"overrideid":"entryCriterion2","name":"","documentation":"","ifpartcondition":"","triggermode":""},"stencil":{"id":"EntryCriterion"},"childShapes":[],"outgoing":[],"bounds":{"lowerRight":{"x":654,"y":208.18787499999996},"upperLeft":{"x":640,"y":186.18787499999996}},"dockers":[{"x":0,"y":40}]},{"resourceId":"planItem5","properties":{"overrideid":"timerEventListener1","name":"Periodic Offers","documentation":"","timerexpression":"P7D","timerstarttriggersourceref":"","transitionevent":"complete","completionneutralenabled":"","completionneutralrulecondition":"","requiredenabled":"","requiredrulecondition":"","planitemlifecyclelisteners":{"planItemLifecycleListeners":[]},"availablecondition":"","repetitionenabled":true},"stencil":{"id":"TimerEventListener"},"childShapes":[],"outgoing":[{"resourceId":"CMMNEdge_connector2"}],"bounds":{"lowerRight":{"x":572,"y":213.12525},"upperLeft":{"x":541,"y":182.12525}},"dockers":[]},{"resourceId":"planItem6","properties":{"overrideid":"eventListener1","name":"Fitness Card Scan","documentation":"","completionneutralenabled":"","completionneutralrulecondition":"","requiredenabled":"","requiredrulecondition":"","repetitionenabled":true,"repetitionrulecondition":"","repetitioncountervariablename":"","planitemlifecyclelisteners":{"planItemLifecycleListeners":[]},"availablecondition":"","eventkey":"cardScanEvent","eventname":"","eventoutparameters":{"outParameters":[{"eventName":"cardId","eventType":"string","variableName":"cardId","$$hashKey":"uiGrid-000Z"},{"eventName":"customerId","eventType":"string","variableName":"customerId","$$hashKey":"uiGrid-0011"},{"eventName":"gateId","eventType":"string","variableName":"gateId","$$hashKey":"uiGrid-0013"}]},"eventcorrelationparameters":{"correlationParameters":[{"name":"customerId","type":null,"value":"${customerId}"}]},"channelkey":"fitnessCardInboundChannel","channelname":"Fitness Card Inbound Channel","channeltype":"kafka","channeldestination":"","keydetectionfixedvalue":"cardScanEvent","keydetectionjsonfield":"","keydetectionjsonpointer":""},"stencil":{"id":"EventListener"},"childShapes":[],"outgoing":[{"resourceId":"CMMNEdge_connector4"}],"bounds":{"lowerRight":{"x":89,"y":89},"upperLeft":{"x":59,"y":59}},"dockers":[{"x":74,"y":74}]},{"resourceId":"planItem7","properties":{"overrideid":"userEventListener1","name":"Deactivate Member","documentation":"","completionneutralenabled":"","completionneutralrulecondition":"","requiredenabled":"","requiredrulecondition":"","repetitionenabled":"","repetitionrulecondition":"","repetitioncountervariablename":"","planitemlifecyclelisteners":{"planItemLifecycleListeners":[]},"availablecondition":""},"stencil":{"id":"UserEventListener"},"childShapes":[],"outgoing":[{"resourceId":"CMMNEdge_connector5"},{"resourceId":"CMMNEdge_connector6"}],"bounds":{"lowerRight":{"x":215.82434246575343,"y":232.52553243847873},"upperLeft":{"x":185.32634246575344,"y":202.02453243847873}},"dockers":[{"x":200.57534246575344,"y":217.27503243847872}]},{"resourceId":"planItem8","properties":{"overrideid":"timerEventListener2","name":"Every Month","documentation":"","timerexpression":"P7D","timerstarttriggersourceref":"","transitionevent":"complete","completionneutralenabled":"","completionneutralrulecondition":"","requiredenabled":"","requiredrulecondition":"","planitemlifecyclelisteners":{"planItemLifecycleListeners":[]},"availablecondition":"","repetitionenabled":true},"stencil":{"id":"TimerEventListener"},"childShapes":[],"outgoing":[{"resourceId":"CMMNEdge_connector9"}],"bounds":{"lowerRight":{"x":572,"y":90},"upperLeft":{"x":541,"y":59}},"dockers":[]}],"outgoing":[{"resourceId":"entryCriterion5"},{"resourceId":"entryCriterion7"},{"resourceId":"sid-32DB1676-0A28-48F9-918C-C4D124DE2931"}],"bounds":{"lowerRight":{"x":917,"y":407.2505},"upperLeft":{"x":76,"y":130}},"dockers":[]},{"resourceId":"entryCriterion5","properties":{"overrideid":"entryCriterion5","name":"","documentation":"","ifpartcondition":"","triggermode":""},"stencil":{"id":"EntryCriterion"},"childShapes":[],"outgoing":[],"bounds":{"lowerRight":{"x":716,"y":419},"upperLeft":{"x":702,"y":397}},"dockers":[{"x":633,"y":278}]},{"resourceId":"entryCriterion7","properties":{"overrideid":"entryCriterion7","name":"","documentation":"","ifpartcondition":"","triggermode":""},"stencil":{"id":"EntryCriterion"},"childShapes":[],"outgoing":[],"bounds":{"lowerRight":{"x":271,"y":141},"upperLeft":{"x":257,"y":119}},"dockers":[{"x":188,"y":0}]},{"resourceId":"planItem14","properties":{"overrideid":"expandedStage2","name":"Inactive Member","documentation":"","autocompleteenabled":"","autocompletecondition":"","requiredenabled":"","requiredrulecondition":"","repetitionenabled":true,"repetitionrulecondition":"","repetitioncountervariablename":"","manualactivationenabled":"","manualactivationrulecondition":"","completionneutralenabled":"","completionneutralrulecondition":"","planitemlifecyclelisteners":{"planItemLifecycleListeners":[]},"displayorder":"","includeinstageoverview":true},"stencil":{"id":"Stage"},"childShapes":[{"resourceId":"planItem10","properties":{"overrideid":"serviceTask2","name":"Refund Prepaid Fee","documentation":"","servicetaskclass":"","servicetaskexpression":"${true}","servicetaskdelegateexpression":"","servicetaskfields":{"fields":[]},"servicetaskresultvariable":"","isasync":"","isexclusive":"","requiredenabled":"","requiredrulecondition":"","repetitionenabled":"","repetitionrulecondition":"","repetitioncountervariablename":"","manualactivationenabled":"","manualactivationrulecondition":"","completionneutralenabled":"","completionneutralrulecondition":"","planitemlifecyclelisteners":{"planItemLifecycleListeners":[]},"isblocking":true},"stencil":{"id":"ServiceTask"},"childShapes":[],"outgoing":[],"bounds":{"lowerRight":{"x":478,"y":130},"upperLeft":{"x":378,"y":50}},"dockers":[]},{"resourceId":"planItem11","properties":{"overrideid":"sendEventTask1","name":"Send Card Declined Event","documentation":"","servicetaskclass":"","isasync":"","isexclusive":"","requiredenabled":"","requiredrulecondition":"","repetitionenabled":true,"repetitionrulecondition":"","repetitioncountervariablename":"","manualactivationenabled":"","manualactivationrulecondition":"","completionneutralenabled":"","completionneutralrulecondition":"","eventkey":"openGateEvent","eventname":"","eventinparameters":{"inParameters":[{"variableName":"${gateId}","eventName":"gateId","eventType":"null"},{"variableName":"Inactive Member","eventName":"status","eventType":"null"}]},"channelkey":"gateOutboundChannel","channelname":"Gate Outbound Channel","channeltype":"kafka","channeldestination":"gate-action-topic","planitemlifecyclelisteners":{"planItemLifecycleListeners":[]},"isblocking":true},"stencil":{"id":"SendEventTask"},"childShapes":[],"outgoing":[{"resourceId":"entryCriterion8"}],"bounds":{"lowerRight":{"x":310,"y":128},"upperLeft":{"x":210,"y":48}},"dockers":[]},{"resourceId":"entryCriterion8","properties":{"overrideid":"entryCriterion8","name":"","documentation":"","ifpartcondition":"","triggermode":""},"stencil":{"id":"EntryCriterion"},"childShapes":[],"outgoing":[],"bounds":{"lowerRight":{"x":217,"y":99},"upperLeft":{"x":203,"y":77}},"dockers":[{"x":0,"y":40}]},{"resourceId":"planItem12","properties":{"overrideid":"userEventListener2","name":"Reenable Member","documentation":"","completionneutralenabled":"","completionneutralrulecondition":"","requiredenabled":"","requiredrulecondition":"","repetitionenabled":"","repetitionrulecondition":"","repetitioncountervariablename":"","planitemlifecyclelisteners":{"planItemLifecycleListeners":[]},"availablecondition":""},"stencil":{"id":"UserEventListener"},"childShapes":[],"outgoing":[{"resourceId":"CMMNEdge_connector7"},{"resourceId":"CMMNEdge_connector8"}],"bounds":{"lowerRight":{"x":648.4390684931506,"y":105.25050000000002},"upperLeft":{"x":617.9410684931505,"y":74.74950000000003}},"dockers":[{"x":633.1900684931505,"y":90.00000000000003}]},{"resourceId":"planItem13","properties":{"overrideid":"eventListener2","name":"Fitness Card Scan","documentation":"","completionneutralenabled":"","completionneutralrulecondition":"","requiredenabled":"","requiredrulecondition":"","repetitionenabled":true,"repetitionrulecondition":"","repetitioncountervariablename":"","planitemlifecyclelisteners":{"planItemLifecycleListeners":[]},"availablecondition":"","eventkey":"cardScanEvent","eventname":"","eventoutparameters":{"outParameters":[{"eventName":"gateId","eventType":"string","variableName":"gateId","$$hashKey":"uiGrid-000L"}]},"eventcorrelationparameters":{"correlationParameters":[{"name":"customerId","type":"string","value":"${customerId}","$$hashKey":"uiGrid-0007"}]},"channelkey":"fitnessCardInboundChannel","channelname":"Fitness Card Inbound Channel","channeltype":"kafka","channeldestination":"","keydetectionfixedvalue":"cardScanEvent","keydetectionjsonfield":"","keydetectionjsonpointer":""},"stencil":{"id":"EventListener"},"childShapes":[],"outgoing":[{"resourceId":"CMMNEdge_connector11"}],"bounds":{"lowerRight":{"x":90,"y":105},"upperLeft":{"x":60,"y":75}},"dockers":[{"x":75,"y":90}]}],"outgoing":[{"resourceId":"entryCriterion4"},{"resourceId":"sid-2F1472CE-754D-431A-BC2E-C76A5418FB22"}],"bounds":{"lowerRight":{"x":917,"y":657},"upperLeft":{"x":75,"y":477}},"dockers":[]},{"resourceId":"entryCriterion4","properties":{"overrideid":"entryCriterion4","name":"","documentation":"","ifpartcondition":"","triggermode":""},"stencil":{"id":"EntryCriterion"},"childShapes":[],"outgoing":[],"bounds":{"lowerRight":{"x":283,"y":488},"upperLeft":{"x":269,"y":466}},"dockers":[{"x":201,"y":0}]},{"resourceId":"planItem15","properties":{"overrideid":"humanTask2","name":"Setup Membership","documentation":"","isblocking":true,"isblockingexpression":"","usertaskassignment":{"assignment":{"type":"static","assignee":"${initiator}"}},"formkeydefinition":"","formreference":{"id":"f94498c0-fab8-11ea-b1bc-0242ac1e0004","name":"Member Setup","key":"memberSetup"},"formfieldvalidation":true,"duedatedefinition":"","prioritydefinition":"","tasklisteners":{"taskListeners":[]},"isasync":"","isexclusive":"","requiredenabled":"","requiredrulecondition":"","repetitionenabled":"","repetitionrulecondition":"","repetitioncountervariablename":"","manualactivationenabled":"","manualactivationrulecondition":"","completionneutralenabled":"","completionneutralrulecondition":"","planitemlifecyclelisteners":{"planItemLifecycleListeners":[]}},"stencil":{"id":"HumanTask"},"childShapes":[],"outgoing":[{"resourceId":"CMMNEdge_connector10"}],"bounds":{"lowerRight":{"x":205,"y":95},"upperLeft":{"x":105,"y":15}},"dockers":[]},{"resourceId":"sid-2F1472CE-754D-431A-BC2E-C76A5418FB22","properties":{"overrideid":"sid-2F1472CE-754D-431A-BC2E-C76A5418FB22","name":"","documentation":"","ifpartcondition":"","triggermode":""},"stencil":{"id":"ExitCriterion"},"childShapes":[],"outgoing":[],"bounds":{"lowerRight":{"x":924.9999887161201,"y":575.9952494597809},"upperLeft":{"x":910.9999887161201,"y":553.9952494597809}},"dockers":[{"x":842,"y":88}]},{"resourceId":"sid-32DB1676-0A28-48F9-918C-C4D124DE2931","properties":{"overrideid":"sid-32DB1676-0A28-48F9-918C-C4D124DE2931","name":"","documentation":"","ifpartcondition":"","triggermode":""},"stencil":{"id":"ExitCriterion"},"childShapes":[],"outgoing":[],"bounds":{"lowerRight":{"x":82.1159860533998,"y":358.72912244805104},"upperLeft":{"x":68.1159860533998,"y":336.72912244805104}},"dockers":[{"x":3,"y":217}]}],"outgoing":[],"bounds":{"lowerRight":{"x":1112,"y":769},"upperLeft":{"x":30,"y":45}},"dockers":[]},{"resourceId":"CMMNEdge_connector10","properties":{"overrideid":"CMMNEdge_connector10","name":"","documentation":"","transitionevent":null},"stencil":{"id":"Association"},"childShapes":[],"outgoing":[{"resourceId":"entryCriterion7"}],"bounds":{"lowerRight":{"x":294,"y":164},"upperLeft":{"x":235.390625,"y":100}},"dockers":[{"x":50,"y":40},{"x":294,"y":100},{"x":7,"y":0}],"target":{"resourceId":"entryCriterion7"}},{"resourceId":"CMMNEdge_connector6","properties":{"overrideid":"CMMNEdge_connector6","name":"","documentation":"","transitionevent":"occur"},"stencil":{"id":"Association"},"childShapes":[],"outgoing":[{"resourceId":"entryCriterion4"}],"bounds":{"lowerRight":{"x":306.4985787037129,"y":511},"upperLeft":{"x":306,"y":408.1156416419658}},"dockers":[{"x":15.248999999999995,"y":15.250500000000002},{"x":7,"y":0}],"target":{"resourceId":"entryCriterion4"}},{"resourceId":"CMMNEdge_connector7","properties":{"overrideid":"CMMNEdge_connector7","name":"","documentation":"","transitionevent":"occur"},"stencil":{"id":"Association"},"childShapes":[],"outgoing":[{"resourceId":"entryCriterion5"}],"bounds":{"lowerRight":{"x":738.9945275717631,"y":597.1250149738476},"upperLeft":{"x":738.2714720001545,"y":464.9999850261525}},"dockers":[{"x":15.249000000000024,"y":15.250499999999995},{"x":7,"y":22}],"target":{"resourceId":"entryCriterion5"}},{"resourceId":"CMMNEdge_connector8","properties":{"overrideid":"CMMNEdge_connector8","name":"","documentation":"","transitionevent":"occur"},"stencil":{"id":"Association"},"childShapes":[],"outgoing":[{"resourceId":"sid-2F1472CE-754D-431A-BC2E-C76A5418FB22"}],"bounds":{"lowerRight":{"x":941.412280272871,"y":611.7744765612064},"upperLeft":{"x":754.0125394451094,"y":609.1033998305974}},"dockers":[{"x":15.249000000000024,"y":15.250499999999995},{"x":8,"y":10}],"target":{"resourceId":"sid-2F1472CE-754D-431A-BC2E-C76A5418FB22"}},{"resourceId":"CMMNEdge_connector4","properties":{"overrideid":"CMMNEdge_connector4","name":"","documentation":"","transitionevent":"occur"},"stencil":{"id":"Association"},"childShapes":[],"outgoing":[{"resourceId":"entryCriterion3"}],"bounds":{"lowerRight":{"x":308,"y":250},"upperLeft":{"x":194.9999694838188,"y":249.11718726159233}},"dockers":[{"x":15,"y":15},{"x":0,"y":11}],"target":{"resourceId":"entryCriterion3"}},{"resourceId":"CMMNEdge_connector11","properties":{"overrideid":"CMMNEdge_connector11","name":"","documentation":"","transitionevent":"occur"},"stencil":{"id":"Association"},"childShapes":[],"outgoing":[{"resourceId":"entryCriterion8"}],"bounds":{"lowerRight":{"x":308,"y":611.7656269069995},"upperLeft":{"x":194.9998779520347,"y":610}},"dockers":[{"x":15,"y":15},{"x":0,"y":11}],"target":{"resourceId":"entryCriterion8"}},{"resourceId":"CMMNEdge_connector2","properties":{"overrideid":"CMMNEdge_connector2","name":"","documentation":"","transitionevent":"occur"},"stencil":{"id":"Association"},"childShapes":[],"outgoing":[{"resourceId":"entryCriterion2"}],"bounds":{"lowerRight":{"x":746,"y":372.54142122759146},"upperLeft":{"x":678.5038925318348,"y":372.18787499999996}},"dockers":[{"x":15.5,"y":15.5},{"x":0,"y":11}],"target":{"resourceId":"entryCriterion2"}},{"resourceId":"CMMNEdge_connector9","properties":{"overrideid":"CMMNEdge_connector9","name":"","documentation":"","transitionevent":"occur"},"stencil":{"id":"Association"},"childShapes":[],"outgoing":[{"resourceId":"entryCriterion6"}],"bounds":{"lowerRight":{"x":746,"y":249.4041683333996},"upperLeft":{"x":678.5038883222667,"y":249}},"dockers":[{"x":15.5,"y":15.5},{"x":0,"y":11}],"target":{"resourceId":"entryCriterion6"}},{"resourceId":"CMMNEdge_connector5","properties":{"overrideid":"CMMNEdge_connector5","name":"","documentation":"","transitionevent":"occur"},"stencil":{"id":"Association"},"childShapes":[],"outgoing":[{"resourceId":"sid-32DB1676-0A28-48F9-918C-C4D124DE2931"}],"bounds":{"lowerRight":{"x":291.1428148334547,"y":392.72678731345064},"upperLeft":{"x":113.11598332696927,"y":392.31106956597705}},"dockers":[{"x":15.248999999999995,"y":15.250500000000002},{"x":14,"y":11}],"target":{"resourceId":"sid-32DB1676-0A28-48F9-918C-C4D124DE2931"}}],"stencil":{"id":"CMMNDiagram"},"stencilset":{"namespace":"http://b3mn.org/stencilset/cmmn1.1#","url":"../editor/stencilsets/cmmn1.1/cmmn1.1.json"}}}