{"id":"f95b5514-fab8-11ea-b1bc-0242ac1e0004","name":"Digital Fitness Center","key":"digitalFitnessCenter","description":"","editorJson":{"models":[{"id":"f94e0ea1-fab8-11ea-b1bc-0242ac1e0004","name":"Check Membership","version":1,"modelType":0,"description":null,"stencilSetId":null,"createdBy":"admin","lastUpdatedBy":"admin","lastUpdated":"2020-09-19T20:44:55.126+0000"}],"cmmnModels":[{"id":"f9564c02-fab8-11ea-b1bc-0242ac1e0004","name":"Customer","version":1,"modelType":5,"description":"","stencilSetId":null,"createdBy":"admin","lastUpdatedBy":"admin","lastUpdated":"2020-09-19T20:44:55.214+0000"}],"theme":"theme-5","icon":"glyphicon-asterisk"}}