{"id":"CASE_MODEL-e97fd6e2-4a2e-4857-84d0-a6f38edb1be7","name":"Customer","key":"customer","description":"","tenantId":"default","editorJson":{"resourceId":"editor_CASE_MODEL-e97fd6e2-4a2e-4857-84d0-a6f38edb1be7","stencil":{"id":"CASEDiagram"},"pathProperties":{},"xmlProperties":["caseinstancename","caseinstancename_en_us","caseinstancename_en_us-run","caseinstancename_de_de","caseinstancename_de_de-run","caseinstancename_fr_fr","caseinstancename_fr_fr-run","caseinstancename_it_it","caseinstancename_it_it-run","caseinstancename_es_es","caseinstancename_es_es-run","caseinstancename-run","caseinstancename_i18n-key"],"childShapes":[{"resourceId":"onecaseplanmodel1","stencil":{"id":"CasePlanModel"},"pathProperties":{},"xmlProperties":["planitemlifecyclelisteners","autocomplete","autocomplete-run"],"childShapes":[{"resourceId":"expandedStage1","stencil":{"id":"ExpandedStage"},"pathProperties":{},"xmlProperties":["planitemlifecyclelisteners","autocomplete","autocomplete-run","statevisible","statevisible-run","visualizationorder"],"childShapes":[{"resourceId":"processTask1","stencil":{"id":"Task"},"pathProperties":{},"xmlProperties":["planitemlifecyclelisteners","exposetoobjectitems","exposeasmessageitems","processname"],"childShapes":[],"bounds":{"lowerRight":{"x":309,"y":114},"upperLeft":{"x":209,"y":34}},"specialproperties":{"startformreference":{"type":"treeview"},"entry":{"type":"treeview"}},"outputmappingproperties":{"planitemlifecyclelisteners":{"type":"complex","placeholders":[]},"exposetoobjectitems":{"type":"complex","placeholders":[]},"exposeasmessageitems":{"type":"complex","placeholders":[]},"in":{"type":"complex","placeholders":[]},"out":{"type":"complex","placeholders":[]}},"properties":{"stencilid":"ProcessTask","stencilsuperid":"Task","stencilsuperids":["Task"],"customstencil":false,"bordercolor":"#000000","notes":"","planitemlifecyclelisteners":"","required":false,"required-run":"","repetition":true,"repetition-run":"","repetitioncountervariablename":"repetitionCounter","maxinstancecount":"unlimited","collectionvariable":"","elementvariable":"","elementindexvariable":"","manualactivation":false,"manualactivation-run":"","startformreference":"","startformsamedeployment":true,"startformfieldvalidation":false,"formfieldvalidation-run":"","manualactivationpermissiongroups":"","manualactivationpermissiongroups-run":"","manualactivationname":"","manualactivationname_en_us":"","manualactivationname_en_us-run":"","manualactivationname_de_de":"","manualactivationname_de_de-run":"","manualactivationname_fr_fr":"","manualactivationname_fr_fr-run":"","manualactivationname_it_it":"","manualactivationname_it_it-run":"","manualactivationname_es_es":"","manualactivationname_es_es-run":"","manualactivationname-run":"","manualactivationname_i18n-key":"","manualactivationchannels":"","manualactivationchannels-run":"","manualactivationpriority":"","manualactivationpriority-run":"","completionneutral":false,"completionneutral-run":"","impactparentcompletion":"default","bgcolor":"#ffffff","isblocking":true,"isblocking-run":"","id":"processTask1","name":"Check Membership","name_en_us":"Check Membership","name_de_de":"","name_fr_fr":"","name_it_it":"","name_es_es":"","name_i18n-key":"","description":"","fontsize":"12","fontweight":"normal","fontstyle":"normal","fontcolor":"#000000","async":false,"exclusive":true,"exposetoobjectitems":"","exposeasmessageitems":"","in":{"totalCount":1,"items":[{"source":"gateId","sourceExpression":"","target":"gateId"}]},"out":"","isdiscretionary":false,"applicabilityrule":"","tasktype":"process","entry":{"id":"PROCESS_MODEL-319e23d2-a722-4510-a04c-fee920df44fa","key":"checkMembership"},"entry-run":"","samedeployment":true,"processname":"","processid":"","fallback-to-default-tenant":true,"business-key":"","inherit-business-key":false},"ssextensions":[],"outgoing":[{"resourceId":"entryCriterion3"}],"dockers":[],"labels":[{"styles":{"fill":"#000000","size":"12","italic":false,"bold":false},"ref":"text_name"}]},{"resourceId":"serviceTask1","stencil":{"id":"Task"},"pathProperties":{},"xmlProperties":["planitemlifecyclelisteners"],"childShapes":[],"bounds":{"lowerRight":{"x":747,"y":114},"upperLeft":{"x":647,"y":34}},"specialproperties":{"startformreference":{"type":"treeview"}},"outputmappingproperties":{"planitemlifecyclelisteners":{"type":"complex","placeholders":[]},"classfields":{"type":"complex","placeholders":[]}},"properties":{"stencilid":"ServiceTask","stencilsuperid":"Task","stencilsuperids":["Task"],"customstencil":false,"bordercolor":"#000000","notes":"","planitemlifecyclelisteners":"","required":false,"required-run":"","repetition":true,"repetition-run":"","repetitioncountervariablename":"repetitionCounter","maxinstancecount":"unlimited","collectionvariable":"","elementvariable":"","elementindexvariable":"","manualactivation":false,"manualactivation-run":"","startformreference":"","startformsamedeployment":true,"startformfieldvalidation":false,"formfieldvalidation-run":"","manualactivationpermissiongroups":"","manualactivationpermissiongroups-run":"","manualactivationname":"","manualactivationname_en_us":"","manualactivationname_en_us-run":"","manualactivationname_de_de":"","manualactivationname_de_de-run":"","manualactivationname_fr_fr":"","manualactivationname_fr_fr-run":"","manualactivationname_it_it":"","manualactivationname_it_it-run":"","manualactivationname_es_es":"","manualactivationname_es_es-run":"","manualactivationname-run":"","manualactivationname_i18n-key":"","manualactivationchannels":"","manualactivationchannels-run":"","manualactivationpriority":"","manualactivationpriority-run":"","completionneutral":false,"completionneutral-run":"","impactparentcompletion":"default","bgcolor":"#ffffff","isblocking":true,"isblocking-run":"","id":"serviceTask1","name":"Charge Monthly Fee","name_en_us":"Charge Monthly Fee","name_de_de":"","name_fr_fr":"","name_it_it":"","name_es_es":"","name_i18n-key":"","description":"","fontsize":"12","fontweight":"normal","fontstyle":"normal","fontcolor":"#000000","async":false,"exclusive":true,"isdiscretionary":false,"applicabilityrule":"","tasktype":"service","expression":"","resultvariable":"","servicetaskstoreresultvariabletransient":"","class":"","classfields":"","delegateexpression":""},"ssextensions":[],"outgoing":[{"resourceId":"entryCriterion6"}],"dockers":[],"labels":[{"styles":{"fill":"#000000","size":"12","italic":false,"bold":false},"ref":"text_name"}]},{"resourceId":"humanTask1","stencil":{"id":"Task"},"pathProperties":{},"xmlProperties":["planitemlifecyclelisteners","exposetoobjectitems","exposeasmessageitems","exposehumantaskasmessageitems","exposehumantasktoobjectitems"],"childShapes":[],"bounds":{"lowerRight":{"x":477,"y":114},"upperLeft":{"x":377,"y":34}},"specialproperties":{"startformreference":{"type":"treeview"},"form_entry":{"type":"treeview"},"securitypolicy":{"type":"treeview"}},"outputmappingproperties":{"planitemlifecyclelisteners":{"type":"complex","placeholders":[]},"exposetoobjectitems":{"type":"complex","placeholders":[]},"exposeasmessageitems":{"type":"complex","placeholders":[]},"exposehumantaskasmessageitems":{"type":"complex","placeholders":[]},"exposehumantasktoobjectitems":{"type":"complex","placeholders":[]},"tasklistener":{"type":"complex","placeholders":[]}},"properties":{"stencilid":"HumanTask","stencilsuperid":"Task","stencilsuperids":["Task"],"customstencil":false,"bordercolor":"#000000","notes":"","planitemlifecyclelisteners":"","required":false,"required-run":"","repetition":true,"repetition-run":"","repetitioncountervariablename":"repetitionCounter","maxinstancecount":"unlimited","collectionvariable":"","elementvariable":"","elementindexvariable":"","manualactivation":true,"manualactivation-run":"","startformreference":"","startformsamedeployment":true,"startformfieldvalidation":false,"formfieldvalidation-run":"","manualactivationpermissiongroups":"","manualactivationpermissiongroups-run":"","manualactivationname":"","manualactivationname_en_us":"","manualactivationname_en_us-run":"","manualactivationname_de_de":"","manualactivationname_de_de-run":"","manualactivationname_fr_fr":"","manualactivationname_fr_fr-run":"","manualactivationname_it_it":"","manualactivationname_it_it-run":"","manualactivationname_es_es":"","manualactivationname_es_es-run":"","manualactivationname-run":"","manualactivationname_i18n-key":"","manualactivationchannels":"","manualactivationchannels-run":"","manualactivationpriority":"","manualactivationpriority-run":"","completionneutral":false,"completionneutral-run":"","impactparentcompletion":"default","bgcolor":"#ffffff","isblocking":true,"isblocking-run":"","id":"humanTask1","name":"Switch Membership Type","name_en_us":"Switch Membership Type","name_de_de":"","name_fr_fr":"","name_it_it":"","name_es_es":"","name_i18n-key":"","description":"","fontsize":"12","fontweight":"normal","fontstyle":"normal","fontcolor":"#000000","async":false,"exclusive":true,"exposetoobjectitems":"","exposeasmessageitems":"","exposehumantaskasmessageitems":"","exposehumantasktoobjectitems":"","availablestaterendering":"readOnly","activestaterendering":"fullAccess","completedstaterendering":"hidden","terminatedstaterendering":"hidden","owner":"","owner-run":"","assignee":"","assignee-run":"${initiator}","candidateusers":"","candidateusers-run":"","candidategroups":"","candidategroups-run":"","participantusers":"","participantusers-run":"","participantgroups":"","participantgroups-run":"","watcherusers":"","watcherusers-run":"","watchergroups":"","watchergroups-run":"","isdiscretionary":false,"applicabilityrule":"","tasktype":"human","name_en_us-run":"Switch Membership Type","name_de_de-run":"","name_fr_fr-run":"","name_it_it-run":"","name_es_es-run":"","name-run":"Switch Membership Type","form_entry":{"id":"FORM_MODEL-1a0361fe-63af-4fd5-bf37-aad2e76c4338","key":"memberSetup"},"samedeployment":true,"formfieldvalidation":false,"taskid":"","securitypolicy":"","priority":"","duedate":"","tasklistener":"","customfolderpath":"","categorydefinition":"","candidatestype":"all","exposetocaseview":"","elementlabel":"","elementlabel_en_us":"","elementlabel_de_de":"","elementlabel_fr_fr":"","elementlabel_it_it":"","elementlabel_es_es":"","elementlabel_i18n-key":"","elementicon":"","elementindex":""},"ssextensions":[],"outgoing":[],"dockers":[],"labels":[{"styles":{"fill":"#000000","size":"12","italic":false,"bold":false},"ref":"text_name"}]},{"resourceId":"sendEventTask2","stencil":{"id":"Task"},"pathProperties":{},"xmlProperties":["planitemlifecyclelisteners"],"childShapes":[],"bounds":{"lowerRight":{"x":747,"y":237.062625},"upperLeft":{"x":647,"y":157.187875}},"specialproperties":{"startformreference":{"type":"treeview"},"outboundchannelreference":{"type":"treeview"}},"outputmappingproperties":{"planitemlifecyclelisteners":{"type":"complex","placeholders":[]}},"properties":{"stencilid":"SendEventTask","stencilsuperid":"Task","stencilsuperids":["Task"],"customstencil":false,"bordercolor":"#000000","notes":"","planitemlifecyclelisteners":"","required":false,"required-run":"","repetition":true,"repetition-run":"","repetitioncountervariablename":"repetitionCounter","maxinstancecount":"unlimited","collectionvariable":"","elementvariable":"","elementindexvariable":"","manualactivation":false,"manualactivation-run":"","startformreference":"","startformsamedeployment":true,"startformfieldvalidation":false,"formfieldvalidation-run":"","manualactivationpermissiongroups":"","manualactivationpermissiongroups-run":"","manualactivationname":"","manualactivationname_en_us":"","manualactivationname_en_us-run":"","manualactivationname_de_de":"","manualactivationname_de_de-run":"","manualactivationname_fr_fr":"","manualactivationname_fr_fr-run":"","manualactivationname_it_it":"","manualactivationname_it_it-run":"","manualactivationname_es_es":"","manualactivationname_es_es-run":"","manualactivationname-run":"","manualactivationname_i18n-key":"","manualactivationchannels":"","manualactivationchannels-run":"","manualactivationpriority":"","manualactivationpriority-run":"","completionneutral":false,"completionneutral-run":"","impactparentcompletion":"default","bgcolor":"#ffffff","isblocking":true,"isblocking-run":"","id":"sendEventTask2","name":"Send offers","name_en_us":"Send offers","name_de_de":"","name_fr_fr":"","name_it_it":"","name_es_es":"","name_i18n-key":"","description":"","fontsize":"12","fontweight":"normal","fontstyle":"normal","fontcolor":"#000000","async":false,"exclusive":true,"isdiscretionary":false,"applicabilityrule":"","tasktype":"SendEvent","outboundeventconfiguration":{"eventreference":"EVENT_MODEL-5b6f38e3-6c7f-4db2-8775-136782418161","key":"emailOffers","correlationParameters":[],"outParameters":[{"name":"customerId","target":"","transient":false}],"inParameters":[{"name":"customerId","target":"","value":"${customerId}"}]},"outboundchannelreference":"","sendonsystemoutboundchannel":true},"ssextensions":[],"outgoing":[{"resourceId":"entryCriterion2"}],"dockers":[],"labels":[{"styles":{"fill":"#000000","size":"12","italic":false,"bold":false},"ref":"text_name"}]},{"resourceId":"timerEventListener1","stencil":{"id":"EventListener"},"pathProperties":{},"xmlProperties":["planitemlifecyclelisteners"],"childShapes":[],"bounds":{"lowerRight":{"x":571,"y":212.12525},"upperLeft":{"x":541,"y":182.12525}},"specialproperties":{"startformreference":{"type":"treeview"}},"outputmappingproperties":{"planitemlifecyclelisteners":{"type":"complex","placeholders":[]}},"properties":{"stencilid":"TimerEventListener","stencilsuperid":"EventListener","stencilsuperids":["EventListener"],"customstencil":false,"bordercolor":"#000000","notes":"","required":false,"required-run":"","repetition":true,"repetition-run":"","repetitioncountervariablename":"repetitionCounter","maxinstancecount":"unlimited","collectionvariable":"","elementvariable":"","elementindexvariable":"","manualactivation":"","startformreference":"","startformsamedeployment":true,"startformfieldvalidation":false,"formfieldvalidation-run":"","manualactivationpermissiongroups":"","manualactivationpermissiongroups-run":"","manualactivationname":"","manualactivationname_en_us":"","manualactivationname_en_us-run":"","manualactivationname_de_de":"","manualactivationname_de_de-run":"","manualactivationname_fr_fr":"","manualactivationname_fr_fr-run":"","manualactivationname_it_it":"","manualactivationname_it_it-run":"","manualactivationname_es_es":"","manualactivationname_es_es-run":"","manualactivationname-run":"","manualactivationname_i18n-key":"","manualactivationchannels":"","manualactivationchannels-run":"","manualactivationpriority":"","manualactivationpriority-run":"","completionneutral":false,"completionneutral-run":"","impactparentcompletion":"default","planitemlifecyclelisteners":"","bgcolor":"#ffffff","id":"timerEventListener1","name":"Periodic Offers","name_en_us":"Periodic Offers","name_de_de":"","name_fr_fr":"","name_it_it":"","name_es_es":"","name_i18n-key":"","description":"","fontsize":"12","fontweight":"normal","fontstyle":"normal","fontcolor":"#000000","availablecondition":"","availablecondition-run":"","timerexpression":"P7D","timerexpression-run":"P7D"},"ssextensions":[],"outgoing":[{"resourceId":"connector2"}],"dockers":[{"x":556,"y":197.12525}],"labels":[{"styles":{"fill":"#000000","size":"12","italic":false,"bold":false},"ref":"text_name"}]},{"resourceId":"entryCriterion3","stencil":{"id":"EntryCriterion"},"pathProperties":{},"xmlProperties":[],"childShapes":[],"bounds":{"lowerRight":{"x":218,"y":88},"upperLeft":{"x":200,"y":60}},"properties":{"stencilid":"EntryCriterion","stencilsuperid":"EntryCriterion","stencilsuperids":["EntryCriterion"],"customstencil":false,"fontsize":"12","notes":"","fontweight":"normal","fontstyle":"normal","fontcolor":"#000000","id":"entryCriterion3","name":"","name_en_us":"","name_de_de":"","name_fr_fr":"","name_it_it":"","name_es_es":"","name_i18n-key":"","description":"","condition":"","triggermode":"deferred"},"ssextensions":[],"outgoing":[],"dockers":[{"x":8,"y":40}]},{"resourceId":"eventListener1","stencil":{"id":"EventListener"},"pathProperties":{},"xmlProperties":["planitemlifecyclelisteners"],"childShapes":[],"bounds":{"lowerRight":{"x":89,"y":89},"upperLeft":{"x":59,"y":59}},"specialproperties":{"startformreference":{"type":"treeview"},"inboundchannelreference":{"type":"treeview","placeholder":"inboundchannelkey"}},"outputmappingproperties":{"planitemlifecyclelisteners":{"type":"complex","placeholders":[]}},"properties":{"stencilid":"EventListener","stencilsuperid":"EventListener","stencilsuperids":["EventListener"],"customstencil":false,"bordercolor":"#000000","notes":"","required":false,"required-run":"","repetition":true,"repetition-run":"","repetitioncountervariablename":"repetitionCounter","maxinstancecount":"unlimited","collectionvariable":"","elementvariable":"","elementindexvariable":"","manualactivation":"","startformreference":"","startformsamedeployment":true,"startformfieldvalidation":false,"formfieldvalidation-run":"","manualactivationpermissiongroups":"","manualactivationpermissiongroups-run":"","manualactivationname":"","manualactivationname_en_us":"","manualactivationname_en_us-run":"","manualactivationname_de_de":"","manualactivationname_de_de-run":"","manualactivationname_fr_fr":"","manualactivationname_fr_fr-run":"","manualactivationname_it_it":"","manualactivationname_it_it-run":"","manualactivationname_es_es":"","manualactivationname_es_es-run":"","manualactivationname-run":"","manualactivationname_i18n-key":"","manualactivationchannels":"","manualactivationchannels-run":"","manualactivationpriority":"","manualactivationpriority-run":"","completionneutral":false,"completionneutral-run":"","impactparentcompletion":"default","planitemlifecyclelisteners":"","bgcolor":"#ffffff","id":"eventListener1","name":"Fitness Card Scan","name_en_us":"Fitness Card Scan","name_de_de":"","name_fr_fr":"","name_it_it":"","name_es_es":"","name_i18n-key":"","description":"","fontsize":"12","fontweight":"normal","fontstyle":"normal","fontcolor":"#000000","availablecondition":"","availablecondition-run":"","type":"","type-run":"","inboundeventconfiguration":{"eventreference":"EVENT_MODEL-8b99a4c2-c1ba-41de-bd39-c955ec448884","key":"cardScanEvent","correlationParameters":[{"name":"customerId","target":"","value":"${customerId}"}],"outParameters":[{"name":"cardId","target":"","transient":true,"value":"cardId"},{"name":"customerId","target":"","transient":true,"value":"customerId"},{"name":"gateId","target":"","transient":true,"value":"gateId"}],"inParameters":[{"name":"cardId","target":""},{"name":"customerId","target":""},{"name":"gateId","target":""}]},"inboundchannelreference":{"id":"CHANNEL_MODEL-95a7d577-7e8b-47e8-a949-7b6f7dc8debb","key":"fitnessCardInboundChannel"},"inboundchannelkey":""},"ssextensions":[],"outgoing":[{"resourceId":"connector4"}],"dockers":[{"x":74,"y":74}],"labels":[{"styles":{"fill":"#000000","size":"12","italic":false,"bold":false},"ref":"text_name"}]},{"resourceId":"userEventListener1","stencil":{"id":"EventListener"},"pathProperties":{},"xmlProperties":["planitemlifecyclelisteners","exposetoobjectitems","exposeasmessageitems"],"childShapes":[],"bounds":{"lowerRight":{"x":215.82434246575346,"y":232.52553243847873},"upperLeft":{"x":185.32634246575347,"y":202.02453243847873}},"specialproperties":{"startformreference":{"type":"treeview"}},"outputmappingproperties":{"planitemlifecyclelisteners":{"type":"complex","placeholders":[]},"exposetoobjectitems":{"type":"complex","placeholders":[]},"exposeasmessageitems":{"type":"complex","placeholders":[]}},"properties":{"stencilid":"UserEventListener","stencilsuperid":"EventListener","stencilsuperids":["EventListener"],"customstencil":false,"bordercolor":"#000000","notes":"","required":false,"required-run":"","repetition":false,"repetition-run":"","repetitioncountervariablename":"repetitionCounter","maxinstancecount":"unlimited","collectionvariable":"","elementvariable":"","elementindexvariable":"","manualactivation":"","startformreference":"","startformsamedeployment":true,"startformfieldvalidation":false,"formfieldvalidation-run":"","manualactivationpermissiongroups":"","manualactivationpermissiongroups-run":"","manualactivationname":"","manualactivationname_en_us":"","manualactivationname_en_us-run":"","manualactivationname_de_de":"","manualactivationname_de_de-run":"","manualactivationname_fr_fr":"","manualactivationname_fr_fr-run":"","manualactivationname_it_it":"","manualactivationname_it_it-run":"","manualactivationname_es_es":"","manualactivationname_es_es-run":"","manualactivationname-run":"","manualactivationname_i18n-key":"","manualactivationchannels":"","manualactivationchannels-run":"","manualactivationpriority":"","manualactivationpriority-run":"","completionneutral":false,"completionneutral-run":"","impactparentcompletion":"default","planitemlifecyclelisteners":"","bgcolor":"#ffffff","id":"userEventListener1","name":"Deactivate Member","name_en_us":"Deactivate Member","name_de_de":"","name_fr_fr":"","name_it_it":"","name_es_es":"","name_i18n-key":"","description":"","fontsize":"12","fontweight":"normal","fontstyle":"normal","fontcolor":"#000000","availablecondition":"","availablecondition-run":"","eventlistenerpermissiongroups":"","eventlistenerpermissiongroups-run":"","eventlistenername":"","eventlistenername_en_us":"","eventlistenername_en_us-run":"","eventlistenername_de_de":"","eventlistenername_de_de-run":"","eventlistenername_fr_fr":"","eventlistenername_fr_fr-run":"","eventlistenername_it_it":"","eventlistenername_it_it-run":"","eventlistenername_es_es":"","eventlistenername_es_es-run":"","eventlistenername-run":"","eventlistenername_i18n-key":"","eventlistenerchannels":"","eventlistenerchannels-run":"","eventlistenerpriority":"","eventlistenerpriority-run":"","type":"","type-run":"","exposetoobjectitems":"","exposeasmessageitems":""},"ssextensions":[],"outgoing":[{"resourceId":"connector5"},{"resourceId":"connector6"}],"dockers":[{"x":200.57534246575347,"y":217.27503243847872}],"labels":[{"styles":{"fill":"#000000","size":"12","italic":false,"bold":false},"ref":"text_name"}]},{"resourceId":"timerEventListener2","stencil":{"id":"EventListener"},"pathProperties":{},"xmlProperties":["planitemlifecyclelisteners"],"childShapes":[],"bounds":{"lowerRight":{"x":571,"y":89},"upperLeft":{"x":541,"y":59}},"specialproperties":{"startformreference":{"type":"treeview"}},"outputmappingproperties":{"planitemlifecyclelisteners":{"type":"complex","placeholders":[]}},"properties":{"stencilid":"TimerEventListener","stencilsuperid":"EventListener","stencilsuperids":["EventListener"],"customstencil":false,"bordercolor":"#000000","notes":"","required":false,"required-run":"","repetition":true,"repetition-run":"","repetitioncountervariablename":"repetitionCounter","maxinstancecount":"unlimited","collectionvariable":"","elementvariable":"","elementindexvariable":"","manualactivation":"","startformreference":"","startformsamedeployment":true,"startformfieldvalidation":false,"formfieldvalidation-run":"","manualactivationpermissiongroups":"","manualactivationpermissiongroups-run":"","manualactivationname":"","manualactivationname_en_us":"","manualactivationname_en_us-run":"","manualactivationname_de_de":"","manualactivationname_de_de-run":"","manualactivationname_fr_fr":"","manualactivationname_fr_fr-run":"","manualactivationname_it_it":"","manualactivationname_it_it-run":"","manualactivationname_es_es":"","manualactivationname_es_es-run":"","manualactivationname-run":"","manualactivationname_i18n-key":"","manualactivationchannels":"","manualactivationchannels-run":"","manualactivationpriority":"","manualactivationpriority-run":"","completionneutral":false,"completionneutral-run":"","impactparentcompletion":"default","planitemlifecyclelisteners":"","bgcolor":"#ffffff","id":"timerEventListener2","name":"Every Month","name_en_us":"Every Month","name_de_de":"","name_fr_fr":"","name_it_it":"","name_es_es":"","name_i18n-key":"","description":"","fontsize":"12","fontweight":"normal","fontstyle":"normal","fontcolor":"#000000","availablecondition":"","availablecondition-run":"","timerexpression":"P7D","timerexpression-run":"P7D"},"ssextensions":[],"outgoing":[{"resourceId":"connector9"}],"dockers":[{"x":556,"y":74}],"labels":[{"styles":{"fill":"#000000","size":"12","italic":false,"bold":false},"ref":"text_name"}]},{"resourceId":"entryCriterion6","stencil":{"id":"EntryCriterion"},"pathProperties":{},"xmlProperties":[],"childShapes":[],"bounds":{"lowerRight":{"x":656,"y":88},"upperLeft":{"x":638,"y":60}},"properties":{"stencilid":"EntryCriterion","stencilsuperid":"EntryCriterion","stencilsuperids":["EntryCriterion"],"customstencil":false,"fontsize":"12","notes":"","fontweight":"normal","fontstyle":"normal","fontcolor":"#000000","id":"entryCriterion6","name":"","name_en_us":"","name_de_de":"","name_fr_fr":"","name_it_it":"","name_es_es":"","name_i18n-key":"","description":"","condition":"","triggermode":"deferred"},"ssextensions":[],"outgoing":[],"dockers":[{"x":8,"y":40}]},{"resourceId":"entryCriterion2","stencil":{"id":"EntryCriterion"},"pathProperties":{},"xmlProperties":[],"childShapes":[],"bounds":{"lowerRight":{"x":656,"y":211.18787499999996},"upperLeft":{"x":638,"y":183.18787499999996}},"properties":{"stencilid":"EntryCriterion","stencilsuperid":"EntryCriterion","stencilsuperids":["EntryCriterion"],"customstencil":false,"fontsize":"12","notes":"","fontweight":"normal","fontstyle":"normal","fontcolor":"#000000","id":"entryCriterion2","name":"","name_en_us":"","name_de_de":"","name_fr_fr":"","name_it_it":"","name_es_es":"","name_i18n-key":"","description":"","condition":"","triggermode":"deferred"},"ssextensions":[],"outgoing":[],"dockers":[{"x":8,"y":40}]}],"bounds":{"lowerRight":{"x":917,"y":407.2505},"upperLeft":{"x":76,"y":130}},"specialproperties":{"startformreference":{"type":"treeview"}},"outputmappingproperties":{"planitemlifecyclelisteners":{"type":"complex","placeholders":[]}},"properties":{"stencilid":"ExpandedStage","stencilsuperid":"ExpandedStage","stencilsuperids":["ExpandedStage"],"customstencil":false,"bordercolor":"#000000","notes":"","required":false,"required-run":"","repetition":true,"repetition-run":"","repetitioncountervariablename":"repetitionCounter","maxinstancecount":"unlimited","collectionvariable":"","elementvariable":"","elementindexvariable":"","manualactivation":false,"manualactivation-run":"","startformreference":"","startformsamedeployment":true,"startformfieldvalidation":false,"formfieldvalidation-run":"","manualactivationpermissiongroups":"","manualactivationpermissiongroups-run":"","manualactivationname":"","manualactivationname_en_us":"","manualactivationname_en_us-run":"","manualactivationname_de_de":"","manualactivationname_de_de-run":"","manualactivationname_fr_fr":"","manualactivationname_fr_fr-run":"","manualactivationname_it_it":"","manualactivationname_it_it-run":"","manualactivationname_es_es":"","manualactivationname_es_es-run":"","manualactivationname-run":"","manualactivationname_i18n-key":"","manualactivationchannels":"","manualactivationchannels-run":"","manualactivationpriority":"","manualactivationpriority-run":"","completionneutral":false,"completionneutral-run":"","planitemlifecyclelisteners":"","bgcolor":"#ffffff","id":"expandedStage1","name":"Active Member","name_en_us":"Active Member","name_de_de":"","name_fr_fr":"","name_it_it":"","name_es_es":"","name_i18n-key":"","description":"","fontsize":"12","fontweight":"normal","fontstyle":"normal","fontcolor":"#000000","isdiscretionary":false,"applicabilityrule":"","autocomplete":false,"autocomplete-run":"","statevisible":true,"statevisible-run":"","visualizationorder":""},"ssextensions":[],"outgoing":[{"resourceId":"entryCriterion5"},{"resourceId":"entryCriterion7"},{"resourceId":"exitCriterion1"}],"dockers":[],"labels":[{"styles":{"fill":"#000000","size":"12","italic":false,"bold":false},"ref":"text_name"}]},{"resourceId":"expandedStage2","stencil":{"id":"ExpandedStage"},"pathProperties":{},"xmlProperties":["planitemlifecyclelisteners","autocomplete","autocomplete-run","statevisible","statevisible-run","visualizationorder"],"childShapes":[{"resourceId":"serviceTask2","stencil":{"id":"Task"},"pathProperties":{},"xmlProperties":["planitemlifecyclelisteners"],"childShapes":[],"bounds":{"lowerRight":{"x":478,"y":130},"upperLeft":{"x":378,"y":50}},"specialproperties":{"startformreference":{"type":"treeview"}},"outputmappingproperties":{"planitemlifecyclelisteners":{"type":"complex","placeholders":[]},"classfields":{"type":"complex","placeholders":[]}},"properties":{"stencilid":"ServiceTask","stencilsuperid":"Task","stencilsuperids":["Task"],"customstencil":false,"bordercolor":"#000000","notes":"","planitemlifecyclelisteners":"","required":false,"required-run":"","repetition":false,"repetition-run":"","repetitioncountervariablename":"repetitionCounter","maxinstancecount":"unlimited","collectionvariable":"","elementvariable":"","elementindexvariable":"","manualactivation":false,"manualactivation-run":"","startformreference":"","startformsamedeployment":true,"startformfieldvalidation":false,"formfieldvalidation-run":"","manualactivationpermissiongroups":"","manualactivationpermissiongroups-run":"","manualactivationname":"","manualactivationname_en_us":"","manualactivationname_en_us-run":"","manualactivationname_de_de":"","manualactivationname_de_de-run":"","manualactivationname_fr_fr":"","manualactivationname_fr_fr-run":"","manualactivationname_it_it":"","manualactivationname_it_it-run":"","manualactivationname_es_es":"","manualactivationname_es_es-run":"","manualactivationname-run":"","manualactivationname_i18n-key":"","manualactivationchannels":"","manualactivationchannels-run":"","manualactivationpriority":"","manualactivationpriority-run":"","completionneutral":false,"completionneutral-run":"","impactparentcompletion":"default","bgcolor":"#ffffff","isblocking":true,"isblocking-run":"","id":"serviceTask2","name":"Refund Prepaid Fee","name_en_us":"Refund Prepaid Fee","name_de_de":"","name_fr_fr":"","name_it_it":"","name_es_es":"","name_i18n-key":"","description":"","fontsize":"12","fontweight":"normal","fontstyle":"normal","fontcolor":"#000000","async":false,"exclusive":true,"isdiscretionary":false,"applicabilityrule":"","tasktype":"service","expression":"${true}","resultvariable":"","servicetaskstoreresultvariabletransient":"","class":"","classfields":"","delegateexpression":""},"ssextensions":[],"outgoing":[],"dockers":[],"labels":[{"styles":{"fill":"#000000","size":"12","italic":false,"bold":false},"ref":"text_name"}]},{"resourceId":"sendEventTask1","stencil":{"id":"Task"},"pathProperties":{},"xmlProperties":["planitemlifecyclelisteners"],"childShapes":[],"bounds":{"lowerRight":{"x":310,"y":130},"upperLeft":{"x":210,"y":50}},"specialproperties":{"startformreference":{"type":"treeview"},"outboundchannelreference":{"type":"treeview"}},"outputmappingproperties":{"planitemlifecyclelisteners":{"type":"complex","placeholders":[]}},"properties":{"stencilid":"SendEventTask","stencilsuperid":"Task","stencilsuperids":["Task"],"customstencil":false,"bordercolor":"#000000","notes":"","planitemlifecyclelisteners":"","required":false,"required-run":"","repetition":true,"repetition-run":"","repetitioncountervariablename":"repetitionCounter","maxinstancecount":"unlimited","collectionvariable":"","elementvariable":"","elementindexvariable":"","manualactivation":false,"manualactivation-run":"","startformreference":"","startformsamedeployment":true,"startformfieldvalidation":false,"formfieldvalidation-run":"","manualactivationpermissiongroups":"","manualactivationpermissiongroups-run":"","manualactivationname":"","manualactivationname_en_us":"","manualactivationname_en_us-run":"","manualactivationname_de_de":"","manualactivationname_de_de-run":"","manualactivationname_fr_fr":"","manualactivationname_fr_fr-run":"","manualactivationname_it_it":"","manualactivationname_it_it-run":"","manualactivationname_es_es":"","manualactivationname_es_es-run":"","manualactivationname-run":"","manualactivationname_i18n-key":"","manualactivationchannels":"","manualactivationchannels-run":"","manualactivationpriority":"","manualactivationpriority-run":"","completionneutral":false,"completionneutral-run":"","impactparentcompletion":"default","bgcolor":"#ffffff","isblocking":true,"isblocking-run":"","id":"sendEventTask1","name":"Send Card Declined Event","name_en_us":"Send Card Declined Event","name_de_de":"","name_fr_fr":"","name_it_it":"","name_es_es":"","name_i18n-key":"","description":"","fontsize":"12","fontweight":"normal","fontstyle":"normal","fontcolor":"#000000","async":false,"exclusive":true,"isdiscretionary":false,"applicabilityrule":"","tasktype":"SendEvent","outboundeventconfiguration":{"eventreference":"EVENT_MODEL-e9677813-5a4c-4b50-b63e-52197eedcb71","key":"openGateEvent","correlationParameters":[],"outParameters":[{"name":"gateId","target":"","transient":false},{"name":"status","target":"","transient":false}],"inParameters":[{"name":"gateId","target":"","value":"${gateId}"},{"name":"status","target":"","value":"Inactive Member"}]},"outboundchannelreference":{"id":"CHANNEL_MODEL-ecad8a86-fada-4bd2-92f3-bc7b377f2913","key":"gateOutboundChannel"},"sendonsystemoutboundchannel":false},"ssextensions":[],"outgoing":[{"resourceId":"entryCriterion8"}],"dockers":[],"labels":[{"styles":{"fill":"#000000","size":"12","italic":false,"bold":false},"ref":"text_name"}]},{"resourceId":"userEventListener2","stencil":{"id":"EventListener"},"pathProperties":{},"xmlProperties":["planitemlifecyclelisteners","exposetoobjectitems","exposeasmessageitems"],"childShapes":[],"bounds":{"lowerRight":{"x":648.4390684931506,"y":105.25049999999999},"upperLeft":{"x":617.9410684931505,"y":74.7495}},"specialproperties":{"startformreference":{"type":"treeview"}},"outputmappingproperties":{"planitemlifecyclelisteners":{"type":"complex","placeholders":[]},"exposetoobjectitems":{"type":"complex","placeholders":[]},"exposeasmessageitems":{"type":"complex","placeholders":[]}},"properties":{"stencilid":"UserEventListener","stencilsuperid":"EventListener","stencilsuperids":["EventListener"],"customstencil":false,"bordercolor":"#000000","notes":"","required":false,"required-run":"","repetition":false,"repetition-run":"","repetitioncountervariablename":"repetitionCounter","maxinstancecount":"unlimited","collectionvariable":"","elementvariable":"","elementindexvariable":"","manualactivation":"","startformreference":"","startformsamedeployment":true,"startformfieldvalidation":false,"formfieldvalidation-run":"","manualactivationpermissiongroups":"","manualactivationpermissiongroups-run":"","manualactivationname":"","manualactivationname_en_us":"","manualactivationname_en_us-run":"","manualactivationname_de_de":"","manualactivationname_de_de-run":"","manualactivationname_fr_fr":"","manualactivationname_fr_fr-run":"","manualactivationname_it_it":"","manualactivationname_it_it-run":"","manualactivationname_es_es":"","manualactivationname_es_es-run":"","manualactivationname-run":"","manualactivationname_i18n-key":"","manualactivationchannels":"","manualactivationchannels-run":"","manualactivationpriority":"","manualactivationpriority-run":"","completionneutral":false,"completionneutral-run":"","impactparentcompletion":"default","planitemlifecyclelisteners":"","bgcolor":"#ffffff","id":"userEventListener2","name":"Reenable Member","name_en_us":"Reenable Member","name_de_de":"","name_fr_fr":"","name_it_it":"","name_es_es":"","name_i18n-key":"","description":"","fontsize":"12","fontweight":"normal","fontstyle":"normal","fontcolor":"#000000","availablecondition":"","availablecondition-run":"","eventlistenerpermissiongroups":"","eventlistenerpermissiongroups-run":"","eventlistenername":"","eventlistenername_en_us":"","eventlistenername_en_us-run":"","eventlistenername_de_de":"","eventlistenername_de_de-run":"","eventlistenername_fr_fr":"","eventlistenername_fr_fr-run":"","eventlistenername_it_it":"","eventlistenername_it_it-run":"","eventlistenername_es_es":"","eventlistenername_es_es-run":"","eventlistenername-run":"","eventlistenername_i18n-key":"","eventlistenerchannels":"","eventlistenerchannels-run":"","eventlistenerpriority":"","eventlistenerpriority-run":"","type":"","type-run":"","exposetoobjectitems":"","exposeasmessageitems":""},"ssextensions":[],"outgoing":[{"resourceId":"connector7"},{"resourceId":"connector8"}],"dockers":[{"x":633.1900684931505,"y":90}],"labels":[{"styles":{"fill":"#000000","size":"12","italic":false,"bold":false},"ref":"text_name"}]},{"resourceId":"eventListener2","stencil":{"id":"EventListener"},"pathProperties":{},"xmlProperties":["planitemlifecyclelisteners"],"childShapes":[],"bounds":{"lowerRight":{"x":90,"y":105},"upperLeft":{"x":60,"y":75}},"specialproperties":{"startformreference":{"type":"treeview"},"inboundchannelreference":{"type":"treeview","placeholder":"inboundchannelkey"}},"outputmappingproperties":{"planitemlifecyclelisteners":{"type":"complex","placeholders":[]}},"properties":{"stencilid":"EventListener","stencilsuperid":"EventListener","stencilsuperids":["EventListener"],"customstencil":false,"bordercolor":"#000000","notes":"","required":false,"required-run":"","repetition":true,"repetition-run":"","repetitioncountervariablename":"repetitionCounter","maxinstancecount":"unlimited","collectionvariable":"","elementvariable":"","elementindexvariable":"","manualactivation":"","startformreference":"","startformsamedeployment":true,"startformfieldvalidation":false,"formfieldvalidation-run":"","manualactivationpermissiongroups":"","manualactivationpermissiongroups-run":"","manualactivationname":"","manualactivationname_en_us":"","manualactivationname_en_us-run":"","manualactivationname_de_de":"","manualactivationname_de_de-run":"","manualactivationname_fr_fr":"","manualactivationname_fr_fr-run":"","manualactivationname_it_it":"","manualactivationname_it_it-run":"","manualactivationname_es_es":"","manualactivationname_es_es-run":"","manualactivationname-run":"","manualactivationname_i18n-key":"","manualactivationchannels":"","manualactivationchannels-run":"","manualactivationpriority":"","manualactivationpriority-run":"","completionneutral":false,"completionneutral-run":"","impactparentcompletion":"default","planitemlifecyclelisteners":"","bgcolor":"#ffffff","id":"eventListener2","name":"Fitness Card Scan","name_en_us":"Fitness Card Scan","name_de_de":"","name_fr_fr":"","name_it_it":"","name_es_es":"","name_i18n-key":"","description":"","fontsize":"12","fontweight":"normal","fontstyle":"normal","fontcolor":"#000000","availablecondition":"","availablecondition-run":"","type":"","type-run":"","inboundeventconfiguration":{"eventreference":"EVENT_MODEL-8b99a4c2-c1ba-41de-bd39-c955ec448884","key":"cardScanEvent","correlationParameters":[{"name":"customerId","target":"","value":"${customerId}"}],"outParameters":[{"name":"cardId","target":"","transient":false,"value":""},{"name":"customerId","target":"","transient":false},{"name":"gateId","target":"","transient":true,"value":"gateId"}],"inParameters":[{"name":"cardId","target":""},{"name":"customerId","target":""},{"name":"gateId","target":""}]},"inboundchannelreference":{"id":"CHANNEL_MODEL-95a7d577-7e8b-47e8-a949-7b6f7dc8debb","key":"fitnessCardInboundChannel"},"inboundchannelkey":""},"ssextensions":[],"outgoing":[{"resourceId":"connector11"}],"dockers":[{"x":75,"y":90}],"labels":[{"styles":{"fill":"#000000","size":"12","italic":false,"bold":false},"ref":"text_name"}]},{"resourceId":"entryCriterion8","stencil":{"id":"EntryCriterion"},"pathProperties":{},"xmlProperties":[],"childShapes":[],"bounds":{"lowerRight":{"x":219,"y":104},"upperLeft":{"x":201,"y":76}},"properties":{"stencilid":"EntryCriterion","stencilsuperid":"EntryCriterion","stencilsuperids":["EntryCriterion"],"customstencil":false,"fontsize":"12","notes":"","fontweight":"normal","fontstyle":"normal","fontcolor":"#000000","id":"entryCriterion8","name":"","name_en_us":"","name_de_de":"","name_fr_fr":"","name_it_it":"","name_es_es":"","name_i18n-key":"","description":"","condition":"","triggermode":"deferred"},"ssextensions":[],"outgoing":[],"dockers":[{"x":6,"y":40}]}],"bounds":{"lowerRight":{"x":917,"y":657},"upperLeft":{"x":75,"y":477}},"specialproperties":{"startformreference":{"type":"treeview"}},"outputmappingproperties":{"planitemlifecyclelisteners":{"type":"complex","placeholders":[]}},"properties":{"stencilid":"ExpandedStage","stencilsuperid":"ExpandedStage","stencilsuperids":["ExpandedStage"],"customstencil":false,"bordercolor":"#000000","notes":"","required":false,"required-run":"","repetition":true,"repetition-run":"","repetitioncountervariablename":"repetitionCounter","maxinstancecount":"unlimited","collectionvariable":"","elementvariable":"","elementindexvariable":"","manualactivation":false,"manualactivation-run":"","startformreference":"","startformsamedeployment":true,"startformfieldvalidation":false,"formfieldvalidation-run":"","manualactivationpermissiongroups":"","manualactivationpermissiongroups-run":"","manualactivationname":"","manualactivationname_en_us":"","manualactivationname_en_us-run":"","manualactivationname_de_de":"","manualactivationname_de_de-run":"","manualactivationname_fr_fr":"","manualactivationname_fr_fr-run":"","manualactivationname_it_it":"","manualactivationname_it_it-run":"","manualactivationname_es_es":"","manualactivationname_es_es-run":"","manualactivationname-run":"","manualactivationname_i18n-key":"","manualactivationchannels":"","manualactivationchannels-run":"","manualactivationpriority":"","manualactivationpriority-run":"","completionneutral":false,"completionneutral-run":"","planitemlifecyclelisteners":"","bgcolor":"#ffffff","id":"expandedStage2","name":"Inactive Member","name_en_us":"Inactive Member","name_de_de":"","name_fr_fr":"","name_it_it":"","name_es_es":"","name_i18n-key":"","description":"","fontsize":"12","fontweight":"normal","fontstyle":"normal","fontcolor":"#000000","isdiscretionary":false,"applicabilityrule":"","autocomplete":false,"autocomplete-run":"","statevisible":true,"statevisible-run":"","visualizationorder":""},"ssextensions":[],"outgoing":[{"resourceId":"exitCriterion2"},{"resourceId":"entryCriterion4"}],"dockers":[],"labels":[{"styles":{"fill":"#000000","size":"12","italic":false,"bold":false},"ref":"text_name"}]},{"resourceId":"humanTask2","stencil":{"id":"Task"},"pathProperties":{},"xmlProperties":["planitemlifecyclelisteners","exposetoobjectitems","exposeasmessageitems","exposehumantaskasmessageitems","exposehumantasktoobjectitems"],"childShapes":[],"bounds":{"lowerRight":{"x":205,"y":95},"upperLeft":{"x":105,"y":15}},"specialproperties":{"startformreference":{"type":"treeview"},"form_entry":{"type":"treeview"},"securitypolicy":{"type":"treeview"}},"outputmappingproperties":{"planitemlifecyclelisteners":{"type":"complex","placeholders":[]},"exposetoobjectitems":{"type":"complex","placeholders":[]},"exposeasmessageitems":{"type":"complex","placeholders":[]},"exposehumantaskasmessageitems":{"type":"complex","placeholders":[]},"exposehumantasktoobjectitems":{"type":"complex","placeholders":[]},"tasklistener":{"type":"complex","placeholders":[]}},"properties":{"stencilid":"HumanTask","stencilsuperid":"Task","stencilsuperids":["Task"],"customstencil":false,"bordercolor":"#000000","notes":"","planitemlifecyclelisteners":"","required":false,"required-run":"","repetition":false,"repetition-run":"","repetitioncountervariablename":"repetitionCounter","maxinstancecount":"unlimited","collectionvariable":"","elementvariable":"","elementindexvariable":"","manualactivation":false,"manualactivation-run":"","startformreference":"","startformsamedeployment":true,"startformfieldvalidation":false,"formfieldvalidation-run":"","manualactivationpermissiongroups":"","manualactivationpermissiongroups-run":"","manualactivationname":"","manualactivationname_en_us":"","manualactivationname_en_us-run":"","manualactivationname_de_de":"","manualactivationname_de_de-run":"","manualactivationname_fr_fr":"","manualactivationname_fr_fr-run":"","manualactivationname_it_it":"","manualactivationname_it_it-run":"","manualactivationname_es_es":"","manualactivationname_es_es-run":"","manualactivationname-run":"","manualactivationname_i18n-key":"","manualactivationchannels":"","manualactivationchannels-run":"","manualactivationpriority":"","manualactivationpriority-run":"","completionneutral":false,"completionneutral-run":"","impactparentcompletion":"default","bgcolor":"#ffffff","isblocking":true,"isblocking-run":"","id":"humanTask2","name":"Setup Membership","name_en_us":"Setup Membership","name_de_de":"","name_fr_fr":"","name_it_it":"","name_es_es":"","name_i18n-key":"","description":"","fontsize":"12","fontweight":"normal","fontstyle":"normal","fontcolor":"#000000","async":false,"exclusive":true,"exposetoobjectitems":"","exposeasmessageitems":"","exposehumantaskasmessageitems":"","exposehumantasktoobjectitems":"","availablestaterendering":"readOnly","activestaterendering":"fullAccess","completedstaterendering":"hidden","terminatedstaterendering":"hidden","owner":"","owner-run":"","assignee":"","assignee-run":"${initiator}","candidateusers":"","candidateusers-run":"","candidategroups":"","candidategroups-run":"","participantusers":"","participantusers-run":"","participantgroups":"","participantgroups-run":"","watcherusers":"","watcherusers-run":"","watchergroups":"","watchergroups-run":"","isdiscretionary":false,"applicabilityrule":"","tasktype":"human","name_en_us-run":"Setup Membership","name_de_de-run":"","name_fr_fr-run":"","name_it_it-run":"","name_es_es-run":"","name-run":"Setup Membership","form_entry":{"id":"FORM_MODEL-1a0361fe-63af-4fd5-bf37-aad2e76c4338","key":"memberSetup"},"samedeployment":true,"formfieldvalidation":false,"taskid":"","securitypolicy":"","priority":"","duedate":"","tasklistener":"","customfolderpath":"","categorydefinition":"","candidatestype":"all","exposetocaseview":"","elementlabel":"","elementlabel_en_us":"","elementlabel_de_de":"","elementlabel_fr_fr":"","elementlabel_it_it":"","elementlabel_es_es":"","elementlabel_i18n-key":"","elementicon":"","elementindex":""},"ssextensions":[],"outgoing":[{"resourceId":"connector10"}],"dockers":[],"labels":[{"styles":{"fill":"#000000","size":"12","italic":false,"bold":false},"ref":"text_name"}]},{"resourceId":"exitCriterion1","stencil":{"id":"ExitCriterion"},"pathProperties":{},"xmlProperties":[],"childShapes":[],"bounds":{"lowerRight":{"x":85,"y":361},"upperLeft":{"x":67,"y":333}},"properties":{"stencilid":"ExitCriterion","stencilsuperid":"ExitCriterion","stencilsuperids":["ExitCriterion"],"customstencil":false,"fontsize":"12","notes":"","fontweight":"normal","fontstyle":"normal","fontcolor":"#000000","id":"exitCriterion1","name":"","name_en_us":"","name_de_de":"","name_fr_fr":"","name_it_it":"","name_es_es":"","name_i18n-key":"","description":"","condition":"","triggermode":"deferred","exittype":"default","exiteventtype":"forceComplete"},"ssextensions":[],"outgoing":[],"dockers":[{"x":-7,"y":217}]},{"resourceId":"entryCriterion5","stencil":{"id":"EntryCriterion"},"pathProperties":{},"xmlProperties":[],"childShapes":[],"bounds":{"lowerRight":{"x":717.1900684931505,"y":421.2505},"upperLeft":{"x":699.1900684931505,"y":393.2505}},"properties":{"stencilid":"EntryCriterion","stencilsuperid":"EntryCriterion","stencilsuperids":["EntryCriterion"],"customstencil":false,"fontsize":"12","notes":"","fontweight":"normal","fontstyle":"normal","fontcolor":"#000000","id":"entryCriterion5","name":"","name_en_us":"","name_de_de":"","name_fr_fr":"","name_it_it":"","name_es_es":"","name_i18n-key":"","description":"","condition":"","triggermode":"deferred"},"ssextensions":[],"outgoing":[],"dockers":[{"x":632.1900684931505,"y":268.56703914988805}]},{"resourceId":"entryCriterion7","stencil":{"id":"EntryCriterion"},"pathProperties":{},"xmlProperties":[],"childShapes":[],"bounds":{"lowerRight":{"x":273,"y":144},"upperLeft":{"x":255,"y":116}},"properties":{"stencilid":"EntryCriterion","stencilsuperid":"EntryCriterion","stencilsuperids":["EntryCriterion"],"customstencil":false,"fontsize":"12","notes":"","fontweight":"normal","fontstyle":"normal","fontcolor":"#000000","id":"entryCriterion7","name":"","name_en_us":"","name_de_de":"","name_fr_fr":"","name_it_it":"","name_es_es":"","name_i18n-key":"","description":"","condition":"","triggermode":"deferred"},"ssextensions":[],"outgoing":[],"dockers":[{"x":188,"y":2.8129374598129866}]},{"resourceId":"exitCriterion2","stencil":{"id":"ExitCriterion"},"pathProperties":{},"xmlProperties":[],"childShapes":[],"bounds":{"lowerRight":{"x":926,"y":581},"upperLeft":{"x":908,"y":553}},"properties":{"stencilid":"ExitCriterion","stencilsuperid":"ExitCriterion","stencilsuperids":["ExitCriterion"],"customstencil":false,"fontsize":"12","notes":"","fontweight":"normal","fontstyle":"normal","fontcolor":"#000000","id":"exitCriterion2","name":"","name_en_us":"","name_de_de":"","name_fr_fr":"","name_it_it":"","name_es_es":"","name_i18n-key":"","description":"","condition":"","triggermode":"deferred","exittype":"default","exiteventtype":"forceComplete"},"ssextensions":[],"outgoing":[],"dockers":[{"x":833.3493150684933,"y":90}]},{"resourceId":"entryCriterion4","stencil":{"id":"EntryCriterion"},"pathProperties":{},"xmlProperties":[],"childShapes":[],"bounds":{"lowerRight":{"x":285,"y":491},"upperLeft":{"x":267,"y":463}},"properties":{"stencilid":"EntryCriterion","stencilsuperid":"EntryCriterion","stencilsuperids":["EntryCriterion"],"customstencil":false,"fontsize":"12","notes":"","fontweight":"normal","fontstyle":"normal","fontcolor":"#000000","id":"entryCriterion4","name":"","name_en_us":"","name_de_de":"","name_fr_fr":"","name_it_it":"","name_es_es":"","name_i18n-key":"","description":"","condition":"","triggermode":"deferred"},"ssextensions":[],"outgoing":[],"dockers":[{"x":201,"y":-13}]}],"bounds":{"lowerRight":{"x":1112,"y":769},"upperLeft":{"x":30,"y":45}},"specialproperties":{"formreference":{"type":"treeview"},"workformreference":{"type":"treeview"},"inboundchannelreference":{"type":"treeview","placeholder":"inboundchannelkey"}},"outputmappingproperties":{"planitemlifecyclelisteners":{"type":"complex","placeholders":[]}},"properties":{"stencilid":"CasePlanModel","stencilsuperid":"CasePlanModel","stencilsuperids":["CasePlanModel"],"customstencil":false,"bordercolor":"#000000","notes":"","planitemlifecyclelisteners":"","bgcolor":"#ffffff","id":"onecaseplanmodel1","name":"Customer","name_en_us":"Customer","name_de_de":"","name_fr_fr":"","name_it_it":"","name_es_es":"","name_i18n-key":"","description":"","fontsize":"12","fontweight":"normal","fontstyle":"normal","fontcolor":"#000000","autocomplete":false,"autocomplete-run":"","formreference":{"id":"FORM_MODEL-ed36be82-02c9-4770-8422-7d229fd46900","key":"createCustomer"},"samedeployment":true,"formfieldvalidation":false,"formfieldvalidation-run":"","workformreference":{"id":"FORM_MODEL-e892517e-ae2d-47cc-89d7-9176ba619a53","key":"customerInformation"},"workformsamedeployment":true,"workformfieldvalidation":false,"workformfieldvalidation-run":"","inboundstarteventconfiguration":{"eventreference":"EVENT_MODEL-8b99a4c2-c1ba-41de-bd39-c955ec448884","key":"cardScanEvent","startEventCorrelationConfiguration":"storeAsUniqueReferenceId","correlationParameters":[{"name":"customerId","target":""}],"outParameters":[{"name":"cardId","target":"","transient":false,"value":"cardId"},{"name":"customerId","target":"","transient":false,"value":"customerId"},{"name":"gateId","target":"","transient":false}],"inParameters":[{"name":"cardId","target":""},{"name":"customerId","target":""},{"name":"gateId","target":""}]},"inboundchannelreference":{"id":"CHANNEL_MODEL-95a7d577-7e8b-47e8-a949-7b6f7dc8debb","key":"fitnessCardInboundChannel"},"inboundchannelkey":""},"ssextensions":[],"outgoing":[],"dockers":[],"labels":[{"styles":{"fill":"#000000","size":"12","italic":false,"bold":false},"ref":"text_name"}]},{"resourceId":"connector2","stencil":{"id":"Connector"},"pathProperties":{},"xmlProperties":[],"childShapes":[],"bounds":{"lowerRight":{"x":743,"y":372},"upperLeft":{"x":677,"y":372}},"properties":{"stencilid":"Connector","stencilsuperid":"Connector","stencilsuperids":["Connector"],"customstencil":false,"bordercolor":"#000000","notes":"","id":"connector2","name":"occur","name_en_us":"occur","name_de_de":"occur","name_fr_fr":"occur","name_it_it":"occur","name_es_es":"occur","name_i18n-key":"","description":"","fontsize":"12","fontweight":"normal","fontstyle":"normal","fontcolor":"#000000","standardevent":"occur","display_ref_in_diagram":true},"ssextensions":[],"outgoing":[{"resourceId":"entryCriterion2"}],"dockers":[{"x":15,"y":15},{"x":9,"y":14}],"labels":[{"styles":{"fill":"#000000","size":"12","italic":false,"bold":false},"ref":"text_name"}],"target":{"resourceId":"entryCriterion2"}},{"resourceId":"connector4","stencil":{"id":"Connector"},"pathProperties":{},"xmlProperties":[],"childShapes":[],"bounds":{"lowerRight":{"x":305,"y":249},"upperLeft":{"x":195,"y":249}},"properties":{"stencilid":"Connector","stencilsuperid":"Connector","stencilsuperids":["Connector"],"customstencil":false,"bordercolor":"#000000","notes":"","id":"connector4","name":"occur","name_en_us":"occur","name_de_de":"occur","name_fr_fr":"occur","name_it_it":"occur","name_es_es":"occur","name_i18n-key":"","description":"","fontsize":"12","fontweight":"normal","fontstyle":"normal","fontcolor":"#000000","standardevent":"occur","display_ref_in_diagram":true},"ssextensions":[],"outgoing":[{"resourceId":"entryCriterion3"}],"dockers":[{"x":15,"y":15},{"x":9,"y":14}],"labels":[{"styles":{"fill":"#000000","size":"12","italic":false,"bold":false},"ref":"text_name"}],"target":{"resourceId":"entryCriterion3"}},{"resourceId":"connector5","stencil":{"id":"Connector"},"pathProperties":{},"xmlProperties":[],"childShapes":[],"bounds":{"lowerRight":{"x":291,"y":392},"upperLeft":{"x":115,"y":392}},"properties":{"stencilid":"Connector","stencilsuperid":"Connector","stencilsuperids":["Connector"],"customstencil":false,"bordercolor":"#000000","notes":"","id":"connector5","name":"occur","name_en_us":"occur","name_de_de":"occur","name_fr_fr":"occur","name_it_it":"occur","name_es_es":"occur","name_i18n-key":"","description":"","fontsize":"12","fontweight":"normal","fontstyle":"normal","fontcolor":"#000000","standardevent":"occur","display_ref_in_diagram":false},"ssextensions":[],"outgoing":[{"resourceId":"exitCriterion1"}],"dockers":[{"x":15.497999999999994,"y":15.501000000000001},{"x":9,"y":14}],"labels":[{"styles":{"fill":"#000000","size":"12","italic":false,"bold":false},"ref":"text_name"}],"target":{"resourceId":"exitCriterion1"}},{"resourceId":"connector6","stencil":{"id":"Connector"},"pathProperties":{},"xmlProperties":[],"childShapes":[],"bounds":{"lowerRight":{"x":306,"y":507},"upperLeft":{"x":306,"y":407}},"properties":{"stencilid":"Connector","stencilsuperid":"Connector","stencilsuperids":["Connector"],"customstencil":false,"bordercolor":"#000000","notes":"","id":"connector6","name":"occur","name_en_us":"occur","name_de_de":"occur","name_fr_fr":"occur","name_it_it":"occur","name_es_es":"occur","name_i18n-key":"","description":"","fontsize":"12","fontweight":"normal","fontstyle":"normal","fontcolor":"#000000","standardevent":"occur","display_ref_in_diagram":false},"ssextensions":[],"outgoing":[{"resourceId":"entryCriterion4"}],"dockers":[{"x":15.497999999999994,"y":15.501000000000001},{"x":9,"y":14}],"labels":[{"styles":{"fill":"#000000","size":"12","italic":false,"bold":false},"ref":"text_name"}],"target":{"resourceId":"entryCriterion4"}},{"resourceId":"connector7","stencil":{"id":"Connector"},"pathProperties":{},"xmlProperties":[],"childShapes":[],"bounds":{"lowerRight":{"x":738,"y":596},"upperLeft":{"x":738,"y":467}},"properties":{"stencilid":"Connector","stencilsuperid":"Connector","stencilsuperids":["Connector"],"customstencil":false,"bordercolor":"#000000","notes":"","id":"connector7","name":"occur","name_en_us":"occur","name_de_de":"occur","name_fr_fr":"occur","name_it_it":"occur","name_es_es":"occur","name_i18n-key":"","description":"","fontsize":"12","fontweight":"normal","fontstyle":"normal","fontcolor":"#000000","standardevent":"occur","display_ref_in_diagram":false},"ssextensions":[],"outgoing":[{"resourceId":"entryCriterion5"}],"dockers":[{"x":15.49800000000002,"y":15.500999999999994},{"x":9,"y":14}],"labels":[{"styles":{"fill":"#000000","size":"12","italic":false,"bold":false},"ref":"text_name"}],"target":{"resourceId":"entryCriterion5"}},{"resourceId":"connector8","stencil":{"id":"Connector"},"pathProperties":{},"xmlProperties":[],"childShapes":[],"bounds":{"lowerRight":{"x":937,"y":612},"upperLeft":{"x":754,"y":612}},"properties":{"stencilid":"Connector","stencilsuperid":"Connector","stencilsuperids":["Connector"],"customstencil":false,"bordercolor":"#000000","notes":"","id":"connector8","name":"occur","name_en_us":"occur","name_de_de":"occur","name_fr_fr":"occur","name_it_it":"occur","name_es_es":"occur","name_i18n-key":"","description":"","fontsize":"12","fontweight":"normal","fontstyle":"normal","fontcolor":"#000000","standardevent":"occur","display_ref_in_diagram":false},"ssextensions":[],"outgoing":[{"resourceId":"exitCriterion2"}],"dockers":[{"x":15.49800000000002,"y":15.500999999999994},{"x":9,"y":14}],"labels":[{"styles":{"fill":"#000000","size":"12","italic":false,"bold":false},"ref":"text_name"}],"target":{"resourceId":"exitCriterion2"}},{"resourceId":"connector9","stencil":{"id":"Connector"},"pathProperties":{},"xmlProperties":[],"childShapes":[],"bounds":{"lowerRight":{"x":743,"y":249},"upperLeft":{"x":677,"y":249}},"properties":{"stencilid":"Connector","stencilsuperid":"Connector","stencilsuperids":["Connector"],"customstencil":false,"bordercolor":"#000000","notes":"","id":"connector9","name":"occur","name_en_us":"occur","name_de_de":"occur","name_fr_fr":"occur","name_it_it":"occur","name_es_es":"occur","name_i18n-key":"","description":"","fontsize":"12","fontweight":"normal","fontstyle":"normal","fontcolor":"#000000","standardevent":"occur","display_ref_in_diagram":true},"ssextensions":[],"outgoing":[{"resourceId":"entryCriterion6"}],"dockers":[{"x":15,"y":15},{"x":9,"y":14}],"labels":[{"styles":{"fill":"#000000","size":"12","italic":false,"bold":false},"ref":"text_name"}],"target":{"resourceId":"entryCriterion6"}},{"resourceId":"connector10","stencil":{"id":"Connector"},"pathProperties":{},"xmlProperties":[],"childShapes":[],"bounds":{"lowerRight":{"x":294,"y":160},"upperLeft":{"x":235,"y":100}},"properties":{"stencilid":"Connector","stencilsuperid":"Connector","stencilsuperids":["Connector"],"customstencil":false,"bordercolor":"#000000","notes":"","id":"connector10","name":"complete","name_en_us":"complete","name_de_de":"complete","name_fr_fr":"complete","name_it_it":"complete","name_es_es":"complete","name_i18n-key":"","description":"","fontsize":"12","fontweight":"normal","fontstyle":"normal","fontcolor":"#000000","standardevent":"complete","display_ref_in_diagram":false},"ssextensions":[],"outgoing":[{"resourceId":"entryCriterion7"}],"dockers":[{"x":50,"y":40},{"x":294,"y":100},{"x":9,"y":14}],"labels":[{"styles":{"fill":"#000000","size":"12","italic":false,"bold":false},"ref":"text_name"}],"target":{"resourceId":"entryCriterion7"}},{"resourceId":"connector11","stencil":{"id":"Connector"},"pathProperties":{},"xmlProperties":[],"childShapes":[],"bounds":{"lowerRight":{"x":305,"y":612},"upperLeft":{"x":195,"y":612}},"properties":{"stencilid":"Connector","stencilsuperid":"Connector","stencilsuperids":["Connector"],"customstencil":false,"bordercolor":"#000000","notes":"","id":"connector11","name":"occur","name_en_us":"occur","name_de_de":"occur","name_fr_fr":"occur","name_it_it":"occur","name_es_es":"occur","name_i18n-key":"","description":"","fontsize":"12","fontweight":"normal","fontstyle":"normal","fontcolor":"#000000","standardevent":"occur","display_ref_in_diagram":true},"ssextensions":[],"outgoing":[{"resourceId":"entryCriterion8"}],"dockers":[{"x":15,"y":15},{"x":9,"y":14}],"labels":[{"styles":{"fill":"#000000","size":"12","italic":false,"bold":false},"ref":"text_name"}],"target":{"resourceId":"entryCriterion8"}}],"bounds":{"lowerRight":{"x":1485,"y":1050},"upperLeft":{"x":0,"y":0}},"specialproperties":{"securitypolicy":{"type":"treeview"}},"outputmappingproperties":{"customcaseviewelements":{"type":"formlist","placeholders":[]},"namespaces":{"type":"complex","placeholders":[]}},"properties":{"stencilid":"CASEDiagram","stencilsuperid":"CASEDiagram","stencilsuperids":["CASEDiagram"],"customstencil":false,"owner":"","owner-run":"","notes":"","assignee":"","assignee-run":"","participantusers":"","participantusers-run":"","participantgroups":"","participantgroups-run":"","watcherusers":"","watcherusers-run":"","watchergroups":"","watchergroups-run":"","customcaseviewelements":"","id":"customer","name":"Customer","name_en_us":"","name_de_de":"","name_fr_fr":"","name_it_it":"","name_es_es":"","name_i18n-key":"","description":"","fontsize":"12","fontweight":"normal","fontstyle":"normal","fontcolor":"#000000","labelexpression":"","creationdate":"2020-09-06T16:46:02.988Z","modificationdate":"2020-09-09T11:56:02.718Z","caseinstancename":"${customerId}","caseinstancename_en_us":"${customerId}","caseinstancename_en_us-run":"${customerId}","caseinstancename_de_de":"","caseinstancename_de_de-run":"","caseinstancename_fr_fr":"","caseinstancename_fr_fr-run":"","caseinstancename_it_it":"","caseinstancename_it_it-run":"","caseinstancename_es_es":"","caseinstancename_es_es-run":"","caseinstancename-run":"${customerId}","caseinstancename_i18n-key":"","securitypolicy":"","customfolderpath":"","case_potentialstarteruser":"","case_potentialstarteruser-run":"","case_potentialstartergroup":"flowableUser","case_potentialstartergroup-run":"","do-not-inherit-start-user-as-owner":"","do-not-inherit-start-user-as-assignee":"","version":"","author":"","case_initiatorvariablename":"initiator","case_namespace":"","namespaces":""},"ssextensions":[],"stencilset":{"url":"./app/editor_stencilset","paletteKey":"flowable-case-palette","namespace":"http://b3mn.org/stencilset/case1.0#"}}}